{
    "corner0": {
        "mean": 0.36411077251550394,
        "stdev": 0.5074494960780309
    },
    "corner1": {
        "mean": 0.04008767528495227,
        "stdev": 0.5470887250668015
    },
    "corner2": {
        "mean": 0.4207028524216677,
        "stdev": 0.341428044362979
    },
    "corner3": {
        "mean": 0.5989225855206328,
        "stdev": 0.15151774019899888
    },
    "corner4": {
        "mean": 0.9880970473037854,
        "stdev": 0.5152163428095927
    },
    "corner5": {
        "mean": 0.9768929680405488,
        "stdev": 0.18748785028623693
    },
    "corner6": {
        "mean": 0.9618722072089481,
        "stdev": 0.7846785447832313
    },
    "corner7": {
        "mean": 0.5647118774474464,
        "stdev": 0.7855484461369274
    }
}