,mean,stdev
corner0,0.364110772515503,0.50744949607803
corner1,0.040087675284952,0.5470887250668011
corner2,0.42070285242166705,0.341428044362979
corner3,0.598922585520632,0.15151774019899802
corner4,0.9880970473037851,0.515216342809592
corner5,0.976892968040548,0.18748785028623602
corner6,0.9618722072089481,0.7846785447832311
corner7,0.564711877447446,0.7855484461369271
