,mean,stdev
corner0,111.77146790340711,196.95881964522033
corner1,128.29466563794298,121.60306739914634
corner2,172.76945085444095,151.56639960073517
corner3,173.2247916423986,170.31451782588147
corner4,148.25839924407506,124.79592581697814
corner5,141.70396032663768,185.31844305550186
corner6,137.42805711306164,140.98052170370522
corner7,110.56275884565497,155.00465627088533
