{
    "corner0": {
        "mean": 111.77146790340711,
        "stdev": 196.95881964522033
    },
    "corner1": {
        "mean": 128.29466563794298,
        "stdev": 121.60306739914634
    },
    "corner2": {
        "mean": 172.76945085444095,
        "stdev": 151.56639960073517
    },
    "corner3": {
        "mean": 173.2247916423986,
        "stdev": 170.31451782588147
    },
    "corner4": {
        "mean": 148.25839924407506,
        "stdev": 124.79592581697814
    },
    "corner5": {
        "mean": 141.70396032663768,
        "stdev": 185.31844305550186
    },
    "corner6": {
        "mean": 137.42805711306164,
        "stdev": 140.98052170370522
    },
    "corner7": {
        "mean": 110.56275884565497,
        "stdev": 155.00465627088533
    }
}